,Food_ID,Rating,Name,C_Type,Veg_Non,search_data
0,1.0,5,summer squash salad,Healthy Food,veg,"summer squash salad Healthy Food veg: white balsamic vinegar, lemon juice, lemon rind, red chillies, garlic cloves (crushed), olive oil, summer squash (zucchini), sea salt, black pepper, basil leaves rating: 5 five"
1,2.0,3,chicken minced salad,Healthy Food,non-veg,"chicken minced salad Healthy Food non-veg: olive oil, chicken mince, garlic (minced), onion, salt, black pepper, carrot, cabbage, green onions, sweet chilli sauce, peanut butter, ginger, soy sauce, fresh cilantro, red pepper flakes (crushed), tarts rating: 3 three"
2,3.0,1,sweet chilli almonds,Snack,veg,"sweet chilli almonds Snack veg: almonds whole, egg white, curry leaves, salt, sugar (fine grain), red chilli powder rating: 1 one"
3,4.0,6,tricolour salad,Healthy Food,veg,"tricolour salad Healthy Food veg: vinegar, honey/sugar, soy sauce, salt, garlic cloves (minced), chilli pepper (sliced), green papaya, carrot (peeled), cucumbers, mint leaves, toasted peanuts rating: 6 six"
4,5.0,10,christmas cake,Dessert,veg,"christmas cake Dessert veg: christmas dry fruits (pre-soaked), orange zest, lemon zest, jaggery syrup, almond flour, apple, butter (softened), eggs rating: 10 ten"
5,6.0,10,japanese curry arancini with barley salsa,Japanese,veg,"japanese curry arancini with barley salsa Japanese veg: japanese curry, sticky rice, cheese inside rice, barley salsa, wasabi mayo, red capsicum cube (cut), yellow capsicum cube (cut), green capsicum cube (cut), green chili, barley, butter, white pepper, light soya, salt rating: 10 ten"
6,7.0,4,chocolate nero cookies,Dessert,veg,"chocolate nero cookies Dessert veg: almonds, eggs, granulated sugar, bittersweet chocolate, unsalted butter, flour, baking powder, castor sugar, icing sugar rating: 4 four"
7,8.0,6,lamb and chargrilled bell pepper soup,Healthy Food,non-veg,"lamb and chargrilled bell pepper soup Healthy Food non-veg: lamb bones (preferably shank and shoulder), onions, celery, ginger, garlic, carrot, chargrilled red/yellow/green bell peppers (quartered), whole spices mix (black pepper, cinnamon, cardamom, clove, bay leaf), salt, water (warm), oil (sunflower or olive rating: 6 six"
8,9.0,9,cream of almond soup,Healthy Food,veg,"cream of almond soup Healthy Food veg: vegetable stock, skimmed milk, toasted almonds (powdered), butter, flour, salt and pepper, nutmeg, almond essence, toasted almond flakes rating: 9 nine"
9,10.0,4,broccoli and almond soup,Healthy Food,veg,"broccoli and almond soup Healthy Food veg: vegetable stock, broccoli, ground almonds (toasted), skimmed milk, salt, freshly ground black pepper rating: 4 four"
10,11.0,4,coconut lime quinoa salad,Healthy Food,veg,"coconut lime quinoa salad Healthy Food veg: uncooked quinoa, water, red onion, cucumber (diced), purple cabbage, avocado (ripened and diced), orange, shelled edamame (defrosted), unsweetened toasted coconut flakes, almonds, few shakes of black pepper, for the dressing:, orange juice, lime (juiced), apple cider vinegar, olive oil rating: 4 four"
11,12.0,2,lemon honey glazed sous vide corn on the cob,Snack,non-veg,"lemon honey glazed sous vide corn on the cob Snack non-veg: young corn on the cob, honey, lemon juice, garlic cloves (smashed), celery stalk, chives, carrot, salt, paprika powder, parsley, plastic bag, food thermometer rating: 2 two"
12,13.0,9,watermelon and strawberry smoothie,Healthy Food,veg,"watermelon and strawberry smoothie Healthy Food veg: fresh strawberries, honey, low fat yogurt, watermelon, chia seeds rating: 9 nine"
13,14.0,5,"peach, raspberry and nuts smoothie",Healthy Food,veg,"peach, raspberry and nuts smoothie Healthy Food veg: fresh raspberries, ripe banana, almond, fresh peach slices, low fat yogurt, fresh raspberry, peach fruit slices, almonds rating: 5 five"
14,15.0,1,almond and cranberry poha,Indian,veg,"almond and cranberry poha Indian veg: almond flakes, onion, poha, cranberries (frozen/ dried), salt, oil, curry leaves, green chilies, fresh coconut rating: 1 one"
15,16.0,7,almond and raw banana galawat,Indian,veg,"almond and raw banana galawat Indian veg: almond slivers, raw banana (boiled), almond paste, cooking cream, refined oil, mace powder, cardamom powder , ginger garlic paste, garam masala powder, red chilli powder, salt, tempura batter rating: 7 seven"
16,17.0,3,baked namakpara with roasted almond dip,Snack,veg,"baked namakpara with roasted almond dip Snack veg: almonds (crushed), tomato, garlic cloves, basil sprig, lemon, salt, pepper, for namak para:, refined flour, sugar, salt, olive oil, water rating: 3 three"
17,18.0,5,grilled almond barfi,Dessert,veg,"grilled almond barfi Dessert veg: khoya, sweetener (optional), almonds (crushed) rating: 5 five"
18,19.0,5,baked shankarpali ,Snack,veg,"baked shankarpali  Snack veg: whole wheat flour (atta), refined flour (maida), garlic cloves (crushed), salt, red chilli powder, chaat masala, cumin powder, tomato puree, ghee rating: 5 five"
19,20.0,4,baked multigrain murukku,Snack,veg,"baked multigrain murukku Snack veg: oats, ragi flour (bhakri atta), wheat flour, rice flour, urad dal flour (dry roast and grind the dal to a fine powder), cumin seeds, green chillies, ginger, salt, oil rating: 4 four"
20,21.0,1,apple rabdi,Dessert,veg,"apple rabdi Dessert veg: apples, milk, sugar, green cardamoms, almonds (blanched), pistachios (blanched) rating: 1 one"
21,22.0,5,baked namak para,Snack,veg,"baked namak para Snack veg: whole wheat flour (atta), refined flour (maida), baking powder, ghee, salt, carom seeds (ajwain) rating: 5 five"
22,23.0,4,dates and nuts ladoo,Dessert,veg,"dates and nuts ladoo Dessert veg: dates (pitted), mixed nuts (almonds, cashews, walnuts, pistachios, peanuts), dessicated coconut (optional) rating: 4 four"
23,24.0,5,green lentil dessert fudge,Dessert,veg,"green lentil dessert fudge Dessert veg: whole moong beans, cow ghee, raisins, whole milk, jaggery (organic), ground cardamom, almonds (halved) rating: 5 five"
24,25.0,4,cashew nut cookies,Dessert,veg,"cashew nut cookies Dessert veg: cashew paste, ghee, khaand (a sweetening agent and a healthier substitute of sugar), flax or chia seeds, plain yogurt, baking soda, baking powder, vanilla, oats, organic all-purpose flour rating: 4 four"
25,26.0,6,almond pearls,Snack,veg,"almond pearls Snack veg: toasted almonds, blueberries, oats, corn flakes, olive oil, salt, curry leaves, mustard seeds, cumin seeds, red chilli powder, turmeric powder, black pepper powder, ajwain, lemon juice rating: 6 six"
26,27.0,6,hawaiin papaya salad,Healthy Food,veg,"hawaiin papaya salad Healthy Food veg: papaya, fresh lime (juiced), watermelon balls or small squares (seedless), fresh pineapple chunks, coconut (unsweetened), vanilla flavoured yogurt (low fat) rating: 6 six"
27,28.0,5,vegetable som tam salad,Healthy Food,veg,"vegetable som tam salad Healthy Food veg: raw papaya, carrot, french bean diamond, cherry tomato, garlic, crush mix chilli, somtam dressing, peanuts (crushed), peanuts rating: 5 five"
28,29.0,7,spinach and feta crepes,French,veg,"spinach and feta crepes French veg: milk (whole fat or skimmed), flour, water, butter, honey, salt, vegetable oil, extra butter (for crisping the crepe), spinach, feta cheese (crumbled), greek yogurt (whisked), honey rating: 7 seven"
29,30.0,6,couscous with ratatouille - tangy tomato sauce,French,veg,"couscous with ratatouille - tangy tomato sauce French veg: for the cous cous:, plain couscous, extra virgin olive oil, vegetable stock, herbs (basil, parsley, thyme, cilantro work best), for the ratatouille:, olive oil (regular not extra virgin), red onions, aubergines (cut in to 3 cm cubes), zucchini (cut in to 3 cm cubes), garlic cloves, ground cumin, sweet paprika, tomato paste, salt rating: 6 six"
30,31.0,10,baked almond kofta,Snack,veg,"baked almond kofta Snack veg: potato (boiled), nutmeg, milk, almonds (crushed), green onions, refined flour, egg, salt, pepper, eggs, refined flour (for rolling), dried breadcrumbs (for rolling) rating: 10 ten"
31,32.0,4,almond and amaranth ladoo,Dessert,veg,"almond and amaranth ladoo Dessert veg: popped amaranth seeds, jaggery, almonds (slivered, unpeeled) rating: 4 four"
32,33.0,8,moong dal kiwi coconut soup,Indian,veg,"moong dal kiwi coconut soup Indian veg: green gram (dhuli moong dal), kiwis, coconut cream, oil, bay leaves, cumin seeds, coriander seeds, black peppercorns, garlic cloves, medium onion, carrot, turmeric powder, curry powder, salt, fresh coriander sprigs rating: 8 eight"
33,34.0,5,mixed berry & banana smoothie,Healthy Food,veg,"mixed berry & banana smoothie Healthy Food veg: Frozen mixed berries, ripped banana,fresh orange juice, low fat curd rating: 5 five"
34,35.0,4,banana walnut smoothie,Healthy Food,veg,"banana walnut smoothie Healthy Food veg: Low Fat Yogurt, Banana, Walnuts, Seeds (Facseeds and Chia Seeds), Honey rating: 4 four"
35,36.0,6,spicy watermelon soup,Healthy Food,veg,"spicy watermelon soup Healthy Food veg: Watermelon, ginger-garlic paste, peppermint, chili flakes, olive oil (to cook) rating: 6 six"
36,37.0,2,red rice poha,Indian,veg,"red rice poha Indian veg: Onion, Pepper, Button Mushroom, Wild Mushroom, White Wine, Tomato, Sage Leaf, Red Poha, Truffle Oil, Rosemary rating: 2 two"
37,38.0,4,mixed salad with lotus root,Healthy Food,veg,"mixed salad with lotus root Healthy Food veg: Iceberg Lattoos, Lolo Rosso, Endive Lettuce, Red Cabbage, Lotus Root, Kaddu, Yam Beans, Small Onions, Pomegranate, Chalet Oil, Pomelo, Lemongrass Sauce rating: 4 four"
38,39.0,7,sweet potato and quinoa bowl,Healthy Food,veg,"sweet potato and quinoa bowl Healthy Food veg: Sweet Potato Cubes, Coconut, Onion, Knoia (Ripe), Raisins, Cashew, Pepper Powder, Caen, Cassia, Salt rating: 7 seven"
39,40.0,10,corn and raw mango salad,Healthy Food,veg,"corn and raw mango salad Healthy Food veg: Corn kernels, onions, green onions, paprika, raw mango (pieces), celery stock (pieces), cherry tomatoes, pineapple (pieces), pasarley, green coriander, badge leaves, black olive, lemon juice, olive Oil, black salt, white pepper powder, taco shell rating: 10 ten"
40,41.0,5,khichdi,Indian,veg,"khichdi Indian veg: Quick cooking oats, peanuts, cumin, turmeric powder, red chilli powder, onion, tomatoes, carrots, green peas, ginger, green chillies, salt, extra virgin olive oil, water, coriander leaves rating: 5 five"
41,42.0,9,sugar free modak,Japanese,veg,"sugar free modak Japanese veg: seedless dates, almonds, cashew nuts, walnuts, raisins, dry coconut, poppy seeds, ghee rating: 9 nine"
42,43.0,3,beetroot modak,Japanese,veg,"beetroot modak Japanese veg: gram flour (besan), semolina (rava/sooji), beetroot colour or two oven cooked beetroot paste , water, oil (for frying), for sugar syrup:, sugar, water, cardamom powder, lemon juice, cashews (kaju) rating: 3 three"
43,44.0,10,andhra pan fried pomfret,Indian,veg,"andhra pan fried pomfret Indian veg: white pomfret fish, sunflower refined ooil, red chilli powder, salt, turmeric powder, ginger-garlic paste, lemon (juiced), cumin powder, coriander powder, garam masala, green chilli, curry leaves, coriander rating: 10 ten"
44,45.0,5,ghee roast chicken dosa quesadilla,Mexican,non-veg,"ghee roast chicken dosa quesadilla Mexican non-veg: dry red chillies, coriander seeds, cumin seeds, fenugreek seeds, black pepper, clove, garlic, turmeric powder, boneless chicken, curd, lemon (juiced), for cooking chicken:, tamarind pulp, ginger (1 inch), garlic cloves, onion, tomato, ghee, red chilli powder, salt, crushed jaggery, dosa batter (for 4 dosas), processed cheese, ghee or oil (to crisp the dosa), coriander leaves, curry leaves (deep fried), curd, salt, zeera powder, sugar, red chilli powder rating: 5 five"
45,46.0,3,steam bunny chicken bao,Japanese,non-veg,"steam bunny chicken bao Japanese non-veg: buns, all purpose white flour, dry yeast, sugar, salt, warm water, chicken mince, eggs, soy sauce, sugar, sesame oil, worcestershire sauce, chives, aromat powder rating: 3 three"
46,47.0,2,meat lovers pizza,Italian,non-veg,"meat lovers pizza Italian non-veg: millet flour, tapioca flour, soy milk, garlic powder, baking powder, salt, tomato sauce, mozzarella cheese, prosciutto, pepperoni, chicken salami, salami milano, rosemary, olive oil rating: 2 two"
47,48.0,5,almond and chicken momos (without shell),Chinese,non-veg,"almond and chicken momos (without shell) Chinese non-veg: chicken mince, garlic, carrots, spring onion, ginger, soya sauce, oyster sauce, sesame oil, pepper powder, egg, almonds (blanched), oil (for greasing) rating: 5 five"
48,49.0,1,christmas tree pizza,Italian,veg,"christmas tree pizza Italian veg: pizza dough (2 boules), red pepper, red onion, basil pesto (purchased, homemade or vegan pesto), mozzarella cheese, kosher salt rating: 1 one"
49,50.0,10,french pork chop,French,veg,"french pork chop French veg: pork chop, pink pepper corn, green pepper corn, aromatic sauce, salt, black pepper, salted butter, refined oil, red cabbage, bell pepper chop, apricot, onion, red wine, ancho chilli, cayenne pepper, microgreen rating: 10 ten"
50,51.0,9,christmas chocolate fudge cookies,Dessert,veg,"christmas chocolate fudge cookies Dessert veg: unsalted butter, brown sugar, chocolate, chocolate chips, eggs, flour, cocoa powder, baking powder rating: 9 nine"
51,52.0,9,chicken parmigiana with tomato sauce,Italian,non-veg,"chicken parmigiana with tomato sauce Italian non-veg: for chicken parmigiana:, chicken breast, egg whole frozen, flour, planko bread crumbs, fresh italian parsley, vegetable oil, solid butter unsalted, tomato sauce, mozzarella cheese, italian parmesan cheese, thyme, for pepperonata:, red pepper, green pepper, yellow pepper, red onion, fresh tomato, butternut squash, garlic, pure olive oil, vegetable oil, black pepper corn (crushed), salt, parsley, for garnishing:, parsley sprig, spinach rating: 9 nine"
52,53.0,3,chocolate appe,Snack,veg,"chocolate appe Snack veg: rice, coconut, baking powder, vanilla extract, cinnamon powder, brown sugar, unsweetened cocoa powder, salt, chocolate chips, butter rating: 3 three"
53,54.0,1,sous-vide salmon tikka,French,non-veg,"sous-vide salmon tikka French non-veg: norwegian salmon, black garlic pickle, butter, butchery bag, smoked yogurt, home made prawn crisp, edible flower, salt rating: 1 one"
54,55.0,5,filo pizza,Italian,veg,"filo pizza Italian veg: filo pastry, himalayan salt, black pepper, salted butter, tomato sauce, broccoli, button mushroom, green zucchini, yellow zucchini, capsicum yellow, capsicum green, capsicum red, pizza spice mix, mozzarella cheese rating: 5 five"
55,56.0,5,chocolate samosa,Snack,veg,"chocolate samosa Snack veg: refined flour, desi ghee, black cardamom seeds, chocolate block, almonds, cashew nuts, pistachio, sugar, garam masala powder, oil rating: 5 five"
56,57.0,10,fish with jamun sauce,Indian,non-veg,"fish with jamun sauce Indian non-veg: jamun, sugar, chilli, garlic cloves (minced), cumin (powdered), fish fillet (pomfret (or any white fish), semolina, salt, wilted spinach rating: 10 ten"
57,58.0,7,dahi lasooni chicken,Indian,non-veg,"dahi lasooni chicken Indian non-veg: chicken (boneless, cube size), chesse, garlic, ginger garlic paste, coriander, green chilli paste, cream (fresh), curd, kaju paste, salt, black salt , garam masala, chaat masala, butter rating: 7 seven"
58,59.0,3,pesto fish kebabs,Indian,non-veg,"pesto fish kebabs Indian non-veg: King fish cut into one inch pieces, paprika cut into one inch pieces, bezel pasto, white wine vinegar, salt, cooking spray rating: 3 three"
59,60.0,5,caramelized sesame smoked almonds,Snack,veg,"caramelized sesame smoked almonds Snack veg: red lentils or masoor dal (half-boiled), potato (grated), carrot, french beans, bread slices, ground chickpea flour (sattu), green chillies, ginger, onions, garlic (minced), salt, sugar, chaat masala, red chilli powder, garam masala, corn flour, besan, bread crumbs for crunchyness, coriander, refined oil (for fryingp) rating: 5 five"
60,61.0,10,crunchy vegetable dal sattu croquettes,Italian,veg,"crunchy vegetable dal sattu croquettes Italian veg: red lentils or masoor dal (half-boiled), potato (grated), carrot, french beans, bread slices, ground chickpea flour (sattu), green chillies, ginger, onions, garlic (minced), salt, sugar, chaat masala, red chilli powder, garam masala, corn flour, besan, bread crumbs for crunchyness, coriander, refined oil (for fryingp) rating: 10 ten"
61,62.0,8,active charcoal modak,Japanese,veg,"active charcoal modak Japanese veg: for modak:, gram flour (besan), semolina (rava/suji), active charcoal, water, oil (for frying), sugar, water, cardamom powder, lemon juice, cashews (kaju) rating: 8 eight"
62,63.0,9,flax seed and beetroot modak,Japanese,veg,"flax seed and beetroot modak Japanese veg: rice flour, salt, oil (for greasing), beetroot puree, tossed flax seeds (for topping), fresh coconut, jaggery, poppy seeds, green cardamom powder, nutmeg powder rating: 9 nine"
63,64.0,2,chocolate prunes gujiyas,Japanese,veg,"chocolate prunes gujiyas Japanese veg: for gujiya pastry:, refined flour, ghee, water, salt, for gujiya stuffing:, dark chocolate, prunes, mawa, sugar, cardamom rating: 2 two"
64,65.0,3,almond  white chocolate gujiya,Japanese,veg,"almond  white chocolate gujiya Japanese veg: all-purpose flour, clarified butter (ghee), water, white chocolate, dessicated coconut, green cardamom powder, almond, jaggery rating: 3 three"
65,66.0,5,betel nut popsicle,Dessert,veg,"betel nut popsicle Dessert veg: full cream milk, cream, mascarpone, sugar, paan (crushed), cookie crumble, dark chocolate (melted), caramel sauce rating: 5 five"
66,67.0,1,clotted cottage cheese croquettes,Italian,veg,"clotted cottage cheese croquettes Italian veg: black pepper, black salt, bread crumb, corn flour, refined oil, jalapeno, jeera powder, maida, cottage cheese, parsley, salt, for thousand island dressing:, mayonnaise, tomato ketchup, minced garlic, celery, black pepper rating: 1 one"
67,68.0,3,gajar tart,French,veg,"gajar tart French veg: white butter, breakfast sugar, milk full fat, refined flour, winter carrots, ghee, sugar, khoya, cardamom powder, cashew nuts (crushed), almonds (crushed), full fat milk, full fat milk, grain sugar, green cardamom powder rating: 3 three"
68,69.0,6,banana and maple ice lollies,Dessert,veg,"banana and maple ice lollies Dessert veg: Banana, Greek yogurt, heavy cream, pure maple syrup, coconut rating: 6 six"
69,70.0,5,shepherds salad (tamatar-kheera salaad),Healthy Food,veg,"shepherds salad (tamatar-kheera salaad) Healthy Food veg: 1 cucumber peeled and chopped, onion, tomato, green chillies, garlic buds, pasarley, olive oil, lemon juice, salt and pepper rating: 5 five"
70,71.0,8,carrot ginger soup,Healthy Food,veg,"carrot ginger soup Healthy Food veg: Carrots, Olive Oil, Salt, Vegetable Stock, Ginger, Thyme, Onion, Garlic Buds, Pepper (Freshly Picked) rating: 8 eight"
71,72.0,5,dark night,Beverage,veg,"dark night Beverage veg: whisky, honey, cinnamon, star anise, cloves, green apple rating: 5 five"
72,73.0,9,hot chocolate,Beverage,veg,"hot chocolate Beverage veg: milk, chocolate, cocoa powder, powdered sugar, cinnamon, vanilla rating: 9 nine"
73,74.0,8,slow cooked spiced sangria,Mexican,veg,"slow cooked spiced sangria Mexican veg: red wine (merlot / zinfandel), apple cider, honey, orange (zested and juiced), cloves (whole), green cardamom, cinnamon sticks, anise (whole), brandy rating: 8 eight"
74,75.0,7,detox haldi tea,Beverage,veg,"detox haldi tea Beverage veg: haldi, ginger, black pepper, honey, water rating: 7 seven"
75,76.0,4,holi special ice tea thandai,Beverage,veg,"holi special ice tea thandai Beverage veg: ground white pepper (kali mirch), assam tea bags, almonds (badam) - coarsley crushed, poppy seeds (khus-khus), fennel seeds (saunf) (crushed coarsely), cardamom (elaichi) powder, ground sugar, saffron (kesar) strands rating: 4 four"
76,77.0,10,grilled lemon margarita,Beverage,veg,"grilled lemon margarita Beverage veg: vanilla infused tequila, vanilla liqueur, lemon juice, lemon, lemon rating: 10 ten"
77,78.0,8,spanish artichoke and spinach dip,Mexican,veg,"spanish artichoke and spinach dip Mexican veg: spinach, onion, cream, garlic, nutmeg, salt, lime juice, artichoke hearts (cubed), polenta, refined flour, salt, water, butter, flour, salt, pepper (freshly ground) rating: 8 eight"
78,79.0,1,beetroot and green apple soup,Healthy Food,veg,"beetroot and green apple soup Healthy Food veg: beetroots, green apple, onion, olive oil, salt, black peppercorns (crushed), butter, vegetable stock, mixed dried herbs, fresh cream, lemon juice, parsley sprigs, red chilli flakes, soup sticks as required rating: 1 one"
79,80.0,1,baba budan no. 7,Beverage,veg,"baba budan no. 7 Beverage veg: rum, espresso, sugar syrup/gur (jaggery) syrup, green cardamom pod, rating: 1 one"
80,81.0,8,fruit infused tea,Beverage,veg,"fruit infused tea Beverage veg: chamomile tea bags, orange, berries, blueberries, ginger, mint leaves, boiling water rating: 8 eight"
81,82.0,2,soya milk,Beverage,veg,"soya milk Beverage veg: Soybean, hot water rating: 2 two"
82,83.0,9,spiced coffee,Beverage,veg,"spiced coffee Beverage veg: Freshly ground coffee, cardamom powder, ginger, milk, sugar, cream, chocolate rating: 9 nine"
83,84.0,10,filter coffee,Beverage,veg,"filter coffee Beverage veg: Coffee powder, water, milk, sugar rating: 10 ten"
84,85.0,10,garlic and pinenut soup with burnt butter essence,French,veg,"garlic and pinenut soup with burnt butter essence French veg: garlic cloves, almonds (whole), parsley, bayleaf, chicken broth, nutmeg, egg yolk, heavy cream, white bread slices, butter, salt, pepper, white wine rating: 10 ten"
85,86.0,4,roast turkey with cranberry sauce,Healthy Food,non-veg,"roast turkey with cranberry sauce Healthy Food non-veg: whole turkey, butter, onion, celery, crumbled sage and thyme , salt and pepper, garlic minced, balsamic vinegar, sugar, cranberry rating: 4 four"
86,87.0,8,roasted spring chicken with root veggies,Healthy Food,non-veg,"roasted spring chicken with root veggies Healthy Food non-veg: whole chicken, thyme, garlic, lemon, orange, salt, black pepper, butter (to rub), extra olive oil, carrot, turnip, beetroot, chipotle powder, parsley rating: 8 eight"
87,88.0,4,peri peri chicken satay,Snack,non-veg,"peri peri chicken satay Snack non-veg: boneless skinless chicken thigh (trimmed), salt and pepper, yogurt, chilli powder, ginger garlic paste, coriander leaves, oil to fry, peri peri sauce, potato fries rating: 4 four"
88,89.0,8,chicken popcorn,Chinese,non-veg,"chicken popcorn Chinese non-veg: chicken (boneless), corn flour or all purpose flour, egg, bread crumbs, salt, ginger garlic paste, black pepper, onion powder (optional), red chilli powder or paprika or cayenne pepper, oil for deep frying rating: 8 eight"
89,90.0,2,half roast chicken,Healthy Food,non-veg,"half roast chicken Healthy Food non-veg: cooking oil, whole chicken (skin on- rinsed and dressed), onions (quartered- skin on), garlic (halved - skin on), carrots (roughly quartered), celery , thyme, dunkleweizen (pour into a glass and keep open at room temperature for an hour or two to make flat), chicken stock, butter, sea salt rating: 2 two"
90,91.0,5,chicken biryani,Indian,non-veg,"chicken biryani Indian non-veg: malabar peppercorn, cinnamon stick, green cardamom pods, star anise, cloves, fennel seeds, vermicelli, desi ghee, shahi jeera, bay leaves, green chilli, mint leaves, onion, saffron, garlic paste, salt, chicken (dark meat), ginger paste, turmeric powder, coriander powder, red chilli powder, roma tomatoes (de-seedeed), water rating: 5 five"
91,92.0,7,chicken farcha,Indian,non-veg,"chicken farcha Indian non-veg: boneless chicken thigh (without skin), lemon juice, garlic paste, ginger paste, red chilli powder, coriander powder, garam masala, black pepper (crushed), salt, bread crumbs / semolina, eggs, red chilli powder, oil rating: 7 seven"
92,93.0,7,buldak (hot and spicy chicken),Japanese,non-veg,"buldak (hot and spicy chicken) Japanese non-veg: chicken drum sticks/ chicken breast, soy sauce, sugar, traditional corn syrup (substitution honey), cheong ju (clear rice wine similar to japanese sake), green onion, black pepper, olive oil, sesame seeds (optional), for marinating sauce:, gochugaru (red chili pepper flakes), alapenos, korean pear (substitution asian pear), onion, garlic, soy sauce, spicy yellow mustard, sesame oil, sugar, mul yut (substitution honey) rating: 7 seven"
93,94.0,10,chicken sukka,Indian,non-veg,"chicken sukka Indian non-veg: chicken (small pieces), onion (thin slices), cardamom, salt, oil, coriander, cumin, mustard, pepper, cloves, cinnamon, bedki chillies, kashmiri chilies, turmeric, onion, garlic, ginger, salt rating: 10 ten"
94,95.0,2,steamed chicken roulade,French,non-veg,"steamed chicken roulade French non-veg: lamb mince, garlic , salt, paprika powder, pomodaro tomatoes, olive oil, celery, shallots, carrot, black pepper, bay leaf, yellow chilli powder, cilantro, chicken thigh, salt, white pepper powder, garlic paste, white wine vinegar, olive oil, yellow chilli powder, refined oil, fenugreek seeds, white pepper powder, garlic, fenugreek leaves, onion, broken cashew, salt, fresh cream, kasoori methi rating: 2 two"
95,96.0,7,methi chicken masala,Indian,non-veg,"methi chicken masala Indian non-veg: boneless chicken, lemon juice, red chilli powder, salt, ginger garlic paste, curd, red chilli powder, salt, coriander powder, oil, onion, oil, bay leaf, green cardamom, black cardamom, cinnamon, ginger garlic paste, tomato, kasoori methi, green chilli, water rating: 7 seven"
96,97.0,7,restaurant style fried chicken,Chinese,non-veg,"restaurant style fried chicken Chinese non-veg: egg, salt, white pepper, maida, salt, red chilli powder, garlic powder, ginger powder, onion powder, oregano, chillil flakes, white pepper, basil, chicken drumsticks, salt, white pepper, bread crumbs (as required) rating: 7 seven"
97,98.0,6,chicken potli,Chinese,non-veg,"chicken potli Chinese non-veg: chicken, onion, green chilli, garlic, ginger, salt, aromatic powder, soya sauce, oyster sauce, spring onion, filo sheets rating: 6 six"
98,99.0,9,spicy chicken masala,Indian,non-veg,"spicy chicken masala Indian non-veg: mustard oil, curry leaves, kalonjee, saunf, garlic, onion, tomatoes, ginger, green chillies, boneless chicken, salt, tomato puree, red chilli powder, cumin powder, black salt, peppercorn (crushed), water, mint, coriander rating: 9 nine"
99,100.0,4,spicy chicken curry,Indian,non-veg,"spicy chicken curry Indian non-veg: oil, ghee, onion paste, garlic paste, ginger paste, turmeric powder, salt, tomato puree, coriander powder, red chilli powder, cumin powder, garam masala, chicken leg pieces, coriander leaves, water rating: 4 four"
100,101.0,8,crispy herb chicken,Italian,non-veg,"crispy herb chicken Italian non-veg: fresh breadcrumbs, parmesan cheese, lemon rind, fresh parsley leaves, garlic powder, plain flour, egg, milk, chicken breast supremes, vegetable oil, mayonnaise, sour cream, fresh chives (dried if fresh not available), fresh parsley (dried if fresh not available), garlic, red onion (optional), ground black pepper, salt rating: 8 eight"
101,102.0,6,dahi chicken,Indian,non-veg,"dahi chicken Indian non-veg: dahi, cumin powder, garlic paste, garam masala, turmeric powder, red chilli powder, salt, boneless chicken, oil, green chilli, onion, tomato rating: 6 six"
102,103.0,9,amritsari chicken masala,Indian,non-veg,"amritsari chicken masala Indian non-veg: chicken, ginger garlic paste, curd, lemon juice, vinegar, coriander powder, cumin powder, red chilli powder, salt, onion, butter, red chilli powder, coriander powder, cumin powder, ginger, water, salt, green chilli, tomatoes, sugar, butter , cream rating: 9 nine"
103,104.0,6,chilli chicken,Chinese,non-veg,"chilli chicken Chinese non-veg: boneless chicken, salt, cornflour, black pepper, egg, soy sauce, red chilli sauce, garlic, green chillies, green chilli sauce, vinegar, onion, capsicum, black pepper, salt rating: 6 six"
104,105.0,9,chicken tenders,Snack,non-veg,"chicken tenders Snack non-veg: chicken breast (cut into strips), salt, garlic paste, ginger paste, green chilli paste, oats, refined flour, salt, freshly ground black pepper, fried mixed herbs (italian herb), garlic powder rating: 9 nine"
105,106.0,9,chicken nimbu dhaniya shorba,Beverage,non-veg,"chicken nimbu dhaniya shorba Beverage non-veg: water, chicken (diced)), ginger garlic paste, coriander, lemon, cream, butter, turmeric powder, green chilli paste, cornflour, salt rating: 9 nine"
106,107.0,1,garlic soya chicken,Healthy Food,non-veg,"garlic soya chicken Healthy Food non-veg: chicken thigh/breast (cut crosswise into 1/2-inch-thin strips), sesame oil (toasted), white pepper (finely ground), ginger juice, peanut oil or vegetable oil (divided), garlic cloves (minced), ginger, red chilli flakes, red onion , snow peas (trimmed), red bell pepper (cut into thin strips), rice vinegar, soy sauce, dark soy sauce, chinese rice wine, brown sugar, cornflour rating: 1 one"
107,108.0,3,cauliflower and chicken biryani,Indian,non-veg,"cauliflower and chicken biryani Indian non-veg: boneless chicken, biryani masala, yogurt, onions, coconut oil, cauliflower, coconut (diced), onion (diced), peppercorns, cardamoms, cumin seeds, bay leaves, cinnamon, cloves, coconut oil, garam masala, dry chilli flakes, turmeric powder, black peppercorns, cardamom, cinnamon, garlic (crushed), tomato puree, green chillies, fresh ginger (peeled), dry red chilli, salt rating: 3 three"
108,109.0,10,chicken quinoa biryani,Healthy Food,non-veg,"chicken quinoa biryani Healthy Food non-veg: onions, tomato, green chillies(slit open), ginger garlic paste, mint leaves, coriander leaves/cilantro, fresh yogurt/curd(beaten), turmeric powder, chilli powder, salt, chicken (cut into pieces), garam masala powder, ginger garlic paste, yogurt/curd, chilli powder, coriander powder, salt, oil, cloves, bay leaf , cardamom rating: 10 ten"
109,110.0,10,chicken and mushroom lasagna,Italian,non-veg,"chicken and mushroom lasagna Italian non-veg: chicken, salt, crush black pepper, garlic cloves (minced), olive oil, fresh thyme, button mushroom, onion, low fat milk, basil, basil-tomato sauce rating: 10 ten"
110,111.0,2,plum and cherry roasted chicken,Healthy Food,non-veg,"plum and cherry roasted chicken Healthy Food non-veg: carrot (finely diced), onion (finely diced), celery (finely diced), fresh thyme sprigs, whole free range chicken , pepper (freshly ground), parsley stems, celery leaves, lemon slices (1/8 inch thick), onion, carrot, fresh lemon juice, chicken stock/broth, plums (cut), fresh cherries rating: 2 two"
111,112.0,4,chicken roulade,French,non-veg,"chicken roulade French non-veg: chicken breasts, olives, jalapenos, bell peppers(all 3), thyme dried, white wine, salt, black pepper (crushed to taste), egg, olive oil, mozerella cheese, processed cheese rating: 4 four"
112,113.0,6,sticky rum chicken wings,Snack,non-veg,"sticky rum chicken wings Snack non-veg: chicken wings without skin, hung curd, chilli powder, sweet paprika powder, english mustard paste, garlic paste, salt, garlic, rum, bbq sauce rating: 6 six"
113,114.0,1,chicken dragon,Chinese,non-veg,"chicken dragon Chinese non-veg: Chicken (boneless and cut into small pieces), eggs (lightly whipped), maida, garlic paste, ginger paste, salt, water, oil rating: 1 one"
114,115.0,5,chicken palwal,Indian,non-veg,"chicken palwal Indian non-veg: Chicken, Onion, Tomato, Green Chilli, Cumin Powder, Coriander Powder, Green Coriander, Curd, Ginger Garlic, Red Chilli Powder, Salt, Oil rating: 5 five"
115,116.0,8,pan seared thigh of chicken,Mexican,non-veg,"pan seared thigh of chicken Mexican non-veg: Chicken Thai, Salt, Pepper, Lemon, Fresh Thyme, Barley, Brockley, Mushroom, Extra Virgin Olive Oil, Cherry Tomato rating: 8 eight"
116,117.0,7,chicken in mahalak sauce,Indian,non-veg,"chicken in mahalak sauce Indian non-veg: Salt, sugar, seasonings, oil, corn flour, chicken leg, fresh chilli, garlic, ginger, onion, red chili paste, tomato catchup, paprika, yellow capsicum, vegetable stock rating: 7 seven"
117,118.0,7,grilled kasundi honey chicken with sweet potato mash,Indian,non-veg,"grilled kasundi honey chicken with sweet potato mash Indian non-veg: Chicken breast, kasundi (Bengali mustard sauce), sweet potato, red and yellow capsicum, broccoli, garlic buds, refined oil, salt, butter, cream, green onion, honey, ginger and garlic paste rating: 7 seven"
118,119.0,8,chicken dong style,Chinese,non-veg,"chicken dong style Chinese non-veg: Oil, chicken breast, garlic, ginger, tomato catchup, oyster sauce, shitake mushrooms, bomb shoots (boiled), salt, sugar, broth powder, shocking wine, potato starch, sesame oil, green onions rating: 8 eight"
119,120.0,6,microwave tandoori chicken,Indian,non-veg,"microwave tandoori chicken Indian non-veg: Chicken (sliced), garlic paste, ginger paste, Hung curd, salt, garam masala, coriander powder, pepper powder, cream, oil, for garnishing:, lemon pieces, onion rings rating: 6 six"
120,121.0,3,methi malai cranberry chicken,Indian,non-veg,"methi malai cranberry chicken Indian non-veg: Chicken (sliced ??into large pieces), salt, cranberry puree, red chilli powder, garam masala, coriander powder, cumin powder, chaat masala, corn flour, fenugreek leaves, gram flour, ginger, garlic, cream, Greek yogurt, butter rating: 3 three"
121,122.0,3,southern fried chicken tenders,Snack,non-veg,"southern fried chicken tenders Snack non-veg: Chicken breast (cut 20 strips, 20 grams), all purpose flour, salt, hot red chillies, eggs, bread crumbles, white cabbage slaw, pasarley sprig, honey-mustard dip, green bell pepper rating: 3 three"
122,123.0,10,thai style chicken tikka,Thai,non-veg,"thai style chicken tikka Thai non-veg: Chicken Thais, Thai Ginger, Lemon Leaves, Lemongrass, Coconut Milk Powder, Refined Oil, Red Curry Paste, Peanut Butter, Bezel Leaves, Lotus Stem, Yellow Butter, Chaat Masala rating: 10 ten"
123,124.0,7,chicken gilafi kebab,Indian,non-veg,"chicken gilafi kebab Indian non-veg: Chicken Mince, Onion, Tomato, Green Capsicum, Green Coriander, Green Chilli, Salt, Oil, Cashew, Almond, Mint, Red Chilli Powder, Ginger Garlic Paste, Cumin Powder, Lemon Juice, Fresh Cream, Kewda Water rating: 7 seven"
124,125.0,10,cheese chicken kebabs,Indian,non-veg,"cheese chicken kebabs Indian non-veg: Chicken Thais, Garlic Paste, Garlic Paste, Yellow Chilli Powder, Cheese, Curd, Gram Flour, Green Cardamom Powder, Yellow Chilli Powder, Mace Powder, Nutmeg Powder, Rock Salt, Green Coriander, Oil rating: 10 ten"
125,126.0,1,andhra crab meat masala,Indian,non-veg,"andhra crab meat masala Indian non-veg: processed crab meat, refined oil, curry leaves, garlic, green chilli, onion, ginger-garlic paste, coriander, coriander powder, cumin powder, turmeric powder, garam masala powder, kashmiri chilli powder, salt, lemon, chop masala, tomato rating: 1 one"
126,127.0,10,cajun spiced turkey wrapped with bacon,Mexican,non-veg,"cajun spiced turkey wrapped with bacon Mexican non-veg: turkey breast, cajun spice, spinach leaves (cooked and drained), garlic pods, salted butter, feta cheese, bacon strips, ground black pepper, for cajun spice:, onion powder, garlic powder, seasoning salt, paprika, ground black pepper, cayenne pepper, oregano, thyme, red pepper flakes (if you like it spicy)) rating: 10 ten"
127,128.0,6,thai lamb balls,Thai,non-veg,"thai lamb balls Thai non-veg: lamb (minced), couscous, scallion, garlic, egg, parsley, olive oil, mint, ao nori herb, salt, five spice, cinnamon powder rating: 6 six"
128,129.0,5,oyster lamb,Thai,non-veg,"oyster lamb Thai non-veg: vegetable oil, garlic, ginger, lamb, stock, oyster sauce, dry sherry, sugar, celery, salt, bokchoy, shitake mushroom rating: 5 five"
129,130.0,5,chicken shami kebab,Indian,non-veg,"chicken shami kebab Indian non-veg: oil, cumin seeds, cloves, black peppercorns, cinnamon, coriander seeds, ajwain, red chilli whole, chilli flakes, boneless chicken, salt, water, ginger, green chilli, garlic, coriander leaves , mint leaves , egg rating: 5 five"
130,131.0,5,balti meat,Mexican,non-veg,"balti meat Mexican non-veg: refined oil, black cardamoms, green cardamoms, mace, clove, cinnamon stick, black pepper corn, ginger garlic paste, ginger, green chilies, mutton curry cut, brown onion paste, salt, kashmiri red chili powder, tomato puree, garam masala powder, coriander powder, cumin powder rating: 5 five"
131,132.0,6,coffee marinated mutton chops,Thai,non-veg,"coffee marinated mutton chops Thai non-veg: mutton chops, espresso, honey, balsamic vinegar, rosemary, pink peppercorns (crushed), olive oil, salt rating: 6 six"
132,133.0,8,sali boti (parsi meat dish),Indian,non-veg,"sali boti (parsi meat dish) Indian non-veg: mutton (wash and cut into very small cubes), ghee or oil, tomatoes, onions, green chillies, coriander leaves, chilli powder, turmeric powder, ginger-garlic paste, water, vinegar, jaggery, salt, potatoes, oil rating: 8 eight"
133,134.0,7,braised lamb shanks,Thai,non-veg,"braised lamb shanks Thai non-veg: Lang Shanks, Olive Oil, Onion, Carrots, Celery Stick, Garlic, White Wine, Lamb Stock, White Wine, Rosemary, Tomata Puree rating: 7 seven"
134,135.0,7,bengali lamb curry,Indian,non-veg,"bengali lamb curry Indian non-veg: Lamb pieces, yogurt, turmeric powder, castor sugar, red chili powder, mustard oil, onion, ginger paste, garlic paste, green chillies, mustard seeds, almonds rating: 7 seven"
135,136.0,10,malabari fish curry,Indian,non-veg,"malabari fish curry Indian non-veg: sear fish, coconut, ginger, pureed tamarind, salt, powdered turmeric, green chillies, red chilli powder, shallots rating: 10 ten"
136,137.0,1,japanese fish stew,Japanese,non-veg,"japanese fish stew Japanese non-veg: sole fillet (you can also do 2/3 types of fish), large shrimps (optional), potatoes (peeled), onions (cut into slices), garlic cloves, red capsicum (can use green also), parsley or coriander (choose the herb that most suits your taste buds), few dashes of hot sauce, paprika, olive oil, white wine, rock salt rating: 1 one"
137,138.0,9,malabar fish curry,Indian,non-veg,"malabar fish curry Indian non-veg: whole coriander seeds, whole red chilli, coconut oil, mustard seeds, onion, curry leaf, coconut milk, tamarind pulp, coriander, seabass fish curry cuts rating: 9 nine"
138,139.0,10,surmai curry with lobster butter rice,Thai,veg,"surmai curry with lobster butter rice Thai veg: tamarind, red chilli powder, turmeric powder, salt, fresh coconut, onion, garlic cloves, coriander seeds, fenugreek seeds, red chilli powder, turmeric powder, tamarind (lemon sized), butter, lobster (de-shell and devein and make a small cube), salt and lime, surmai rating: 10 ten"
139,140.0,4,seared salmon in tabasco butter,Thai,non-veg,"seared salmon in tabasco butter Thai non-veg: butter, tabasco, chives, salt, salmon fillet, olive oil, sea salt rating: 4 four"
140,141.0,5,"risotto lobster with parmesan egg pancake, confit tomatoes and coral tuille",Italian,non-veg,"risotto lobster with parmesan egg pancake, confit tomatoes and coral tuille Italian non-veg: lobster shell, carrot, leeks, garlic cloves, tomato paste, bay leaf, peppercorn, water, lobster meat, arborio rice, onion, leeks, lobster stock, parmesan cheese, cream, salt, olive oil, egg, parmesan, flour, milk, parsley, salt, cherry tomatoes, garlic pods, olive oil, water, oil, flour, salt rating: 5 five"
141,142.0,6,fish skewers with coriander and red wine vinegar dressing,Thai,non-veg,"fish skewers with coriander and red wine vinegar dressing Thai non-veg: sea bass fillets, olive oil (for grilling), red wine vinegar, sugar, extra virgin olive oil, garlic clove, coriander, bamboo skewers rating: 6 six"
142,143.0,1,seafood rock filler,French,veg,"seafood rock filler French veg: baked tart of mixed sea food served with phyllo fruit bowl, savory tart shell (semi baked), mixed sea food, mornay sauce, assorted herb and seasoning, phyllo pastry, assorted seasonal fruit rating: 1 one"
143,144.0,2,shrimp & cilantro ceviche,French,veg,"shrimp & cilantro ceviche French veg: prawns, gherkin, onion, cilantro, mix bell pepper, tiger milk, sweet corn, sea salt, black pepper, green lemon juice, cherry tomato, edible flower, coriander stems, celery stalks, garlic, ginger, red onion, lemon juice, sea salt, black pepper rating: 2 two"
144,145.0,3,saewoo bokumbop (shrimp fried rice),Japanese,veg,"saewoo bokumbop (shrimp fried rice) Japanese veg: cooked rice, shrimp (de-veined, onion, cooked green peas, green onion, egg (scrambled), vegetable oil/butter, soy sauce, sesame oil, salt, pepper rating: 3 three"
145,146.0,4,thai prawn curry & baked rice ,Thai,veg,"thai prawn curry & baked rice  Thai veg: jeera whole, coriander seeds, kashmiri chilly, garlic, ginger, green chillies, kokum, coconut, onion, tomatoes, coriander, prawns, salt, turmeric powder, garlic paste, asafoetida, refined oil, ginger paste, goan rice, coconut milk, green chillies, fresh coconut, hing, refined oil, coriander leaves, basmati rice, coconut milk, green chillies, coconut milk, coconut, salt, green chillies, curry leaf, lecite rating: 4 four"
146,147.0,3,bihari fish curry,Indian,non-veg,"bihari fish curry Indian non-veg: rohu fish, salt, turmeric powder, chilli powder, oil, garlic , green chillies, mustard seeds, black peppercorns, cumin seeds, whole red chillies, fenugreek seeds, tomatoes, mustard oil, bay leaves, water, garam masala, coriander leaves rating: 3 three"
147,148.0,7,curry fish fingers,Thai,non-veg,"curry fish fingers Thai non-veg: river sole fish (cut in thin strips), garlic paste, salt , lime juice, beer, flour, cornflour, white pepper, eggs, mustard rating: 7 seven"
148,149.0,1,prawn and litchi salad,Healthy Food,veg,"prawn and litchi salad Healthy Food veg: prawns (shelled and cleaned), spring onions, mango flesh, litchis (deseeded), chilli flakes, lemon (for lemon juice), olive oil, peanuts (to garnish), salt rating: 1 one"
149,150.0,9,kerala fish curry,Indian,non-veg,"kerala fish curry Indian non-veg: white fish (cut into cubes), onion, tomato, garlic cloves, fresh green chillies (deseeded), oil, fresh coconut paste, red chilli paste, coriander powder, turmeric powder, salt, whole dry red chillies, black mustard seeds, curry leaves, tamarind extract, water rating: 9 nine"
150,151.0,10,fish andlouse,French,non-veg,"fish andlouse French non-veg: white wine and water mix to cover, onion, salt, bay leaf, black pepper corns, olive oil, onion, garlic, tomatoes (peeled and seeded), basil leaves, spring fresh thyme - optional 1 bay leaf, salt and pepper, olive oil, wine vinegar, prepared mustard, salt and pepper, assorted garden herbs ( parsley, basil etc. rating: 10 ten"
151,152.0,2,prawn fried rice,Thai,veg,"prawn fried rice Thai veg: Oil, Bacon, Prawns, Chicken, Carrots, Garlic Buds, Ginger, Spring Onion, Sweet Chili Sauce, Soy Sauce, Salt, Pepper, Sweet Corn, Vinegar, Baked Rice, Green Coriander rating: 2 two"
152,153.0,7,damdama fish curry,Indian,non-veg,"damdama fish curry Indian non-veg: Fish, onion, tomato, reshagi red chilli powder, cumin powder, coriander powder, coriander, cumin, salt, oil rating: 7 seven"
153,154.0,3,fish with white sauce,Italian,non-veg,"fish with white sauce Italian non-veg: Fillet fish, oil, milk, flour, butter, salt, ground black pepper rating: 3 three"
154,155.0,10,chilli fish,Chinese,non-veg,"chilli fish Chinese non-veg: For fish pieces (Boneless), Flour, Cornflour, Baking Powder, Soy Sauce, Celery, Pepper, Salt, Oil, Green Onion, Sauce:, Ginger, Garlic, Green Chili, Soy Sauce, Tomato Sauce, Chili Sauce, Cornflour rating: 10 ten"
155,156.0,2,fish ambultiyal,Indian,non-veg,"fish ambultiyal Indian non-veg: Tuna, onion, fenugreek, whole chilli, pandan leaf, salt, water, cardamom, cinnamon, coriander powder, black pepper, red chilli, curry powder, garlic (crushed), chili flakes, gorca, salt rating: 2 two"
156,157.0,2,chettinad fish fry,Indian,non-veg,"chettinad fish fry Indian non-veg: Surmai fish, oil, garlic buds, ginger (mash), cumin, fennel, whole coriander, black pepper, mustard seeds, curry leaves, salt, oil, water, tomatoes, red pepper powder, turmeric powder, tamarind pulp, cornflour, lemon pieces of rating: 2 two"
157,158.0,6,fish moilee,Indian,non-veg,"fish moilee Indian non-veg: Basa fish, onion, ginger, garlic buds, green chillies, turmeric, red chilli powder, coriander powder, lemon juice, curry leaves, refined oil, refined oil, mustard seeds, black pepper, fennel, green cardamom, coconut milk, Cherry tomatoes rating: 6 six"
158,159.0,2,batter fish,Mexican,non-veg,"batter fish Mexican non-veg: Fresh fish pieces (river sol or sea bass), maida, passerley, oil, baking powder, maida, egg (optional), soda water, salt and pepper rating: 2 two"
159,160.0,2,fish salan,Mexican,non-veg,"fish salan Mexican non-veg: King fish, ripe tomatoes, desi ghee, ginger-garlic paste, onion, turmeric powder, red chilli powder, black pepper powder, garam masala, ginger, turmeric powder, fennel powder, refined oil, salt, water rating: 2 two"
160,161.0,2,spanish fish fry,Mexican,non-veg,"spanish fish fry Mexican non-veg: Sol fish, tomato, onion, lemon juice, olive oil, ginger and garlic paste, bay leaves, cinnamon stick, green chillies, vinegar, salt, water rating: 2 two"
161,162.0,9,prawn potato soup,Thai,veg,"prawn potato soup Thai veg: Onion, potato, prawns, eggs, milk, butter, coriander, salt, water rating: 9 nine"
162,163.0,5,red rice vermicelli kheer,Indian,veg,"red rice vermicelli kheer Indian veg: red rice vermicelli / broken sooji / semolina vermicelli, butter, almonds, whole milk, cardamom powder, saffron strands / thread, sugar rating: 5 five"
163,164.0,6,green cucumber shots,Healthy Food,veg,"green cucumber shots Healthy Food veg: english cucumbers, garlic cloves (smashed), romaine lettuce, basil, parsley, cilantro, big lemon, sea salt, olive oil rating: 6 six"
164,165.0,2,thai pineapple rice,Thai,veg,"thai pineapple rice Thai veg: rice, onion, thai ginger , fresh turmeric, curry leaf, lemon grass, coconut milk, salt, hot curry powder, pineapple chunks, oil, water, turmeric powder, fresh pineapple rating: 2 two"
165,166.0,4,green asparagus risotto,Italian,veg,"green asparagus risotto Italian veg: carnaroli rice, vegetable broth, butter, extra virgin olive oil, parmigiano cheese, onion (minced), white wine, salt & pepper rating: 4 four"
166,167.0,2,veg fried rice,Chinese,veg,"veg fried rice Chinese veg: oil, ginger-garlic paste, spring onion, carrot, cabbage, capsicum, salt, soy sauce, vinegar, rice rating: 2 two"
167,168.0,1,egg and garlic fried rice,Chinese,non-veg,"egg and garlic fried rice Chinese non-veg: oil, garlic, spring onion , ginger, red chilli , egg, cooked rice, salt, black pepper powder, soya sauce rating: 1 one"
168,169.0,4,curd rice,Indian,veg,"curd rice Indian veg: rice, water, curd, milk, carrot, green chilli, ginger, salt, coriander leaves, oil, mustard seeds, chana dal, urad dal, curry leaves, red chilli, hing rating: 4 four"
169,170.0,1,fried rice with soya chunks,Chinese,veg,"fried rice with soya chunks Chinese veg: basmati rice, carrot, capsicum, beans, green peas, ginger, garlic, green chillies, bay leaf, cinnamon sticks, green cardamoms, clove, soya chunks, salt, rating: 1 one"
170,171.0,8,corn pulao,Indian,veg,"corn pulao Indian veg: basmati rice, american corn kernels, olive oil, onion, ginger garlic paste, salt, green chillies, cumin seed, bay leaf, pepper corn, cloves, hot water, coriander leaves, lime juice, bell pepper (saut?ed and diced), coconut rating: 8 eight"
171,172.0,8,zucchini methi pulao,Indian,veg,"zucchini methi pulao Indian veg: zucchini, basmati rice, fenugreek (methi), clarified butter (desi ghee), clarified butter (desi ghee), cumin seeds (jeera), asafoetida (heeng), green chilles, ginger, salt rating: 8 eight"
172,173.0,3,lemon rice,Indian,veg,"lemon rice Indian veg: cooked basmati rice, oil, asafoetida (heeng), mustard seeds (sarson), curry leaves (kadhi patta), whole red chilli (sabut laal mirch), turmeric powder(haldi), salt, lemon juice, peanuts, urad dal, chana dal, ginger rating: 3 three"
173,174.0,6,kale channe ki biryani,Indian,veg,"kale channe ki biryani Indian veg: black gram (kala chana), basmati rice (soaked for 2 hours), cinnamon, green cardamoms, cloves, ghee, black cardamoms, black peppercorns, bay leaves, onions, green chillies (slit), ginger-garlic paste, coriander powder, turmeric powder, yogurt, fresh mint leaves, fresh coriander leaves, garam masala powder, red chilli powder, salt, cashew nuts, almonds, milk, fresh cream, saffron, ginger, screw pine essence (kewra), browned onions, whole wheat flour dough rating: 6 six"
174,175.0,5,chicken paella,Mexican,non-veg,"chicken paella Mexican non-veg: chicken, oil, salt and pepper, paprika powder, chilli flakes, garlic paste, onions, bell peppers, rice, vegetable stock, saffron, peas, olives, parsley, white wine rating: 5 five"
175,176.0,5,thai fish curry,Thai,non-veg,"thai fish curry Thai non-veg: fish (cubed), thai green curry paste, oil, onions, garlic, ginger/galangal, coconut milk, coriander, lemon juice, palm sugar, basil leaves, salt & pepper rating: 5 five"
176,177.0,6,vegetable pulao,Indian,veg,"vegetable pulao Indian veg: water, basmati rice, ghee, paneer (cooked), carrot, beans, peas, elaichi, cardamoms, cinnamon, bay leaves, cumin seeds, chilli powder, turmeric, salt, coriander leaves rating: 6 six"
177,178.0,3,oats shallots pulao,Healthy Food,veg,"oats shallots pulao Healthy Food veg: Rice, Green Coriander, Green Chillies, Onion, Cinnamon, Cardamom, Cloves, Red Chilli Powder, Salt, Garlic Flakes, Ginger, Chalet, Olive Oil rating: 3 three"
178,179.0,5,shiitake fried rice with water chestnuts,Chinese,veg,"shiitake fried rice with water chestnuts Chinese veg: Shitake Mushrooms, Vegetable Oil, Garlic Buds, Green Chillies, Water chestnuts, Onions, Leaks, Celery, Ginger, Sesame Oil, Rice Baked, White Chillies, Salt, Rice Wine Vinegar, Green Onions, Small Bunch Pasarley, Sesame Oil rating: 5 five"
179,180.0,2,lotus leaf wrapped fried rice,Chinese,veg,"lotus leaf wrapped fried rice Chinese veg: Jasmine Rice (Baked), Edamame Beans, Mock Meat, Shitake Mushroom, Spring Onion, Dark Soy Sauce, Sunflower Oil, Salt rating: 2 two"
180,181.0,3,vegetable biryani,Indian,veg,"vegetable biryani Indian veg: Cumin, Onion, Ginger Garlic, Mix Vegetable, Coriander Powder, Garam Masala, Turmeric Powder, Salt, Red Chilli Powder, Green Chillies, Lemon Juice, Steamed Rice, Green Coriander rating: 3 three"
181,182.0,4,avial with red rice,Indian,veg,"avial with red rice Indian veg: Red rice, water, potatoes, carrots, raw banana, drumstick, small raw mango, sour curd, bean stick, onion, salt, turmeric, water, coconut oil, green chillies, mustard seeds (crushed) rating: 4 four"
182,183.0,1,rice in lamb stock,Thai,non-veg,"rice in lamb stock Thai non-veg: Rice, desi ghee, big cardamom, bay leaf, cinnamon stick, fennel, onion, lamb bonz, royal cumin, cashew, cream, green cardamom powder, salt, water rating: 1 one"
183,184.0,6,vegetable bruschetta,Italian,veg,"vegetable bruschetta Italian veg: baguette (grilled slices), black olive tapenade, artichoke hearts, lettuce arugula (trummed), tomato confit, fresh basil leaves, mint leaves, zucchini, goat cheese, parmesan cheese shavings, mozzarella buffalo cheese rating: 6 six"
184,185.0,7,red wine braised mushroom flatbread,Italian,veg,"red wine braised mushroom flatbread Italian veg: olive oil, fresh buffalo mozzarella cheese, canned pelati tomatoes (cooked), pizza/flatbread base, mushrooms, red wine, parsley, garlic cloves (halved), salt rating: 7 seven"
185,186.0,8,strawberry & pistachio breton tart,Dessert,veg,"strawberry & pistachio breton tart Dessert veg: plain flour, baking powder, sea salt, unsalted butter, egg yoks, castor sugar, double cream, yolk, sugar, gelatine, butter, pistachio paste, strawberry rating: 8 eight"
186,187.0,8,tricolour pizza,Italian,veg,"tricolour pizza Italian veg: pizza base , pizza sauce, mozzarella cheese, black olive, green capsicum, carrots, olive oil rating: 8 eight"
187,188.0,10,instant rava dosa,Indian,veg,"instant rava dosa Indian veg: rava/suji/semolina, rice flour, all purpose flour, fresh coconut (pieces), jeera, green chilli, dhaniya, onion (diced), salt, water, oil, ghee/clarified butter rating: 10 ten"
188,189.0,7,easy bread poha,Indian,veg,"easy bread poha Indian veg: oil, hing, mustard seeds, curry leaves, whole red chillies, cookes peas, peanuts, turmeric powder, salt, bread, green chillies, lemon juice, coriander leaves, dessicated coconut rating: 7 seven"
189,190.0,10,bread chana basket,Indian,veg,"bread chana basket Indian veg: bread (white/brown), butter, for chana chaat:, chana, onion, tomatoes, cumin seeds, ginger garlic paste, chilli powder, chana masala, turmeric powder , oil, salt rating: 10 ten"
190,191.0,1,spaghetti with clams & crispy bread crumbs,Italian,veg,"spaghetti with clams & crispy bread crumbs Italian veg: panko, 1/4 cup plus 1 tablespoon extra-virgin olive oil, plus more for drizzling, kosher salt, freshly ground pepper, garlic cloves, manila clams or cockles, scrubbed, dry white wine, spaghetti, lemon zest, lemon juice, mullet bottarga (optional; see note), red pepper, thyme, rosemary, parsley rating: 1 one"
191,192.0,7,kasha bread,French,veg,"kasha bread French veg: kasha, boiling water, buckwheat flour, all-purpose gluten free flour, brown sugar, baking powder, baking soda, xanthum gum, salt, buttermilk, cream, egg, oil, walnuts rating: 7 seven"
192,193.0,8,egg paratha,Indian,non-veg,"egg paratha Indian non-veg: whole wheat flour, salt, oil, eggs, onions, green chilli, coriander leaves, garam masala rating: 8 eight"
193,194.0,2,egg and cheddar cheese sandwich,Mexican,non-veg,"egg and cheddar cheese sandwich Mexican non-veg: egg, salt, pepper, ham slices, basil leaves rating: 2 two"
194,195.0,4,egg in a blanket,French,non-veg,"egg in a blanket French non-veg: eggs, brown bread slices, butter, chilli flakes, oregano, salt rating: 4 four"
195,196.0,9,bread dahi vada,Indian,veg,"bread dahi vada Indian veg: bread slices, curd, oil, salt and black pepper , red chilli powder, aamchoor powder, mint leaves, zeera powder, anardana rating: 9 nine"
196,197.0,5,cheese and avocado parantha,Mexican,veg,"cheese and avocado parantha Mexican veg: Wheat flour, Kasuri methi, water, olive oil, avocado, mozzarella cheese, pizza tasting, ghee, salt rating: 5 five"
197,198.0,10,bread with tomatoes and olives,Italian,veg,"bread with tomatoes and olives Italian veg: French Bread Loaf, Tomato, Extra Virgin Olive Oil, Salt, Black Pepper, Passerley, Stuffed Green Olive rating: 10 ten"
198,199.0,2,lemon poppy seed cake,Dessert,veg,"lemon poppy seed cake Dessert veg: plain flour, baking powder, salt, castor sugar, baking soda, eggs, butter, vanilla essence, lemon juice, poppy seed, lemon peel, to serve:, lemon syrup, whip cream, fresh berry rating: 2 two"
199,200.0,10,chocolate kaju katli,Dessert,veg,"chocolate kaju katli Dessert veg: cashew nuts, sugar, water, milk chocolate or dark chocolate rating: 10 ten"
200,201.0,8,mix fruit laccha rabri tortilla crunch,Mexican,veg,"mix fruit laccha rabri tortilla crunch Mexican veg: milk, sugar, cardamom powder, saffron, almonds and pistachios, grapes, apple, kiwi, orange, pomegranate, mint leaves, tortilla sheet, oil rating: 8 eight"
201,202.0,3,pista chocolate & mandarin,Dessert,veg,"pista chocolate & mandarin Dessert veg: Pistachios, milk, sugar, broken rice, green cardamom, white chocolate, milk, egg yolks, whipped cream, vanilla pod, mandarin, sugar, water rating: 3 three"
202,203.0,10,banana and chia tea cake,Dessert,veg,"banana and chia tea cake Dessert veg: Banana, Castor Sugar, Flour, Oil, Milk, Eggs, Baking Soda, Flax Seeds, Almond Flakes, Chia Seeds rating: 10 ten"
203,204.0,2,chocolate and almond rum ball ,Dessert,veg,"chocolate and almond rum ball  Dessert veg: Chocolate sponge eggless, dark chocolate, single cream, almonds, castor sugar, instant coffee powder, dark rum rating: 2 two"
204,205.0,3,lemon sushi cake,Dessert,veg,"lemon sushi cake Dessert veg: Vanilla pre mix, gel, oil, water, egg yolks, lemon juice, sugar, butter, white chocolate, cooking cream, milk rating: 3 three"
205,206.0,5,chocolate doughnut,Dessert,veg,"chocolate doughnut Dessert veg: Sugar, egg yolks, egg, butter, yeast, milk rating: 5 five"
206,207.0,2,spiced almond banana jaggery cake,Dessert,veg,"spiced almond banana jaggery cake Dessert veg: Butter, cinnamon molasses powder, nutmeg (powdered), almonds, sugar, eggs, orange peel, banana, flour, baking soda, baking powder, salt, buttermilk, powdered cinnamon rating: 2 two"
207,208.0,5,fennel scented sweet banana fritters,Dessert,veg,"fennel scented sweet banana fritters Dessert veg: Wheat flour, banana, jaggery, milk or water, ghee or oil rating: 5 five"
208,209.0,6,camel milk cake tart,Dessert,veg,"camel milk cake tart Dessert veg: Camel milk, sugar, vinegar, butter, brown sugar, maida, eggs rating: 6 six"
209,210.0,2,quinoa coconut crumble custard,Dessert,veg,"quinoa coconut crumble custard Dessert veg: Knoia (cooked), oats, cinnamon powder, salt, brown sugar or jaggery, nuts, coconut nuts, eggs, kinoia, coconut milk, maple syrup, vanilla extract, cinnamon powder, salt, honey rating: 2 two"
210,211.0,1,lamb barley pot,Healthy Food,non-veg,"lamb barley pot Healthy Food non-veg: pot barley, onions, worcestershire sauce, chilli flakes, mustard seeds, thick mutton chunks, thick neck of lamb chops, water or stock (to cover), salt, black pepper (freshly ground) rating: 1 one"
211,212.0,10,al hachi chicken,Indian,non-veg,"al hachi chicken Indian non-veg: shallow fried chicken, bottle gourd (boiled and sun dried), onion, garlic, whole spices:, green cardamom, black cardamom, cinnamon sticks, turmeric, deggi mirch, fennel seeds powder, dry ginger powder, coriander powder, salt, mustard oil, desi ghee rating: 10 ten"
212,213.0,6,berry parfait hazelnut white chocolate sable,Dessert,veg,"berry parfait hazelnut white chocolate sable Dessert veg: for berry parfait:, egg yolk, caster sugar, berry puree, cream cheese, double cream, for hazelnut streusel:, ground hazelnut, flour, caster sugar, butter, for hazelnut white chocolate pressed sable:, hazelnut streusel, cocoa butter, puffed rice, clarified butter, melted white chocolate, for flexy berry:, raspberry puree, sugar, liquid glucose, pectin rating: 6 six"
213,214.0,7,badam papite ke kebab with pineapple salsa,Indian,non-veg,"badam papite ke kebab with pineapple salsa Indian non-veg: Raw papaya, raw potato, almonds, salt, asafoetida, turmeric, celery, coriander, ginger, green chillies, gram flour, green coriander, oil, pineapple, onion, green chillies, green coriander, lemon juice, salt, pepper rating: 7 seven"
214,215.0,10,mixed vegetable soup,Healthy Food,veg,"mixed vegetable soup Healthy Food veg: Mix vegetable (tomatoes, carrots, peas and French beans), salt, cumin powder, oil, curry leaves rating: 10 ten"
215,216.0,5,duo of chocolate and strawberry,Dessert,veg,"duo of chocolate and strawberry Dessert veg: dark chocolate, white chocolate, strawberries rating: 5 five"
216,217.0,3,mustard-parmesan whole roasted cauliflower,Healthy Food,veg,"mustard-parmesan whole roasted cauliflower Healthy Food veg: cauliflowers, garlic, halved, olive oil , dijon mustard , kosher salt , freshly ground black pepper , fresh parsley leaves, parmesan , lemon wedges rating: 3 three"
217,218.0,7,hassel back sweet potatoes,Healthy Food,veg,"hassel back sweet potatoes Healthy Food veg: sweet potatoes, butter, brown sugar, pure vanilla extract, ground cinnamon, himalayan pink salt / rock salt rating: 7 seven"
218,219.0,9,mother christmas cake,Dessert,veg,"mother christmas cake Dessert veg: tart apples (2 large), sugar, apple juice, eggs, vegetable oil, vanilla extracts, all-purpose flour, apple pie spice (cinnamon), salt, pecans, candied red cherries (halved), candied green cherried (halved), candied pineapple (diced), cashews (optional) rating: 9 nine"
219,220.0,3,matcha tea macarons,Dessert,veg,"matcha tea macarons Dessert veg: egg whites, breakfast sugar, icing sugar, almond powder, matcha powder, heavy cream, white chocolate rating: 3 three"
220,221.0,7,"amaranthus granola with lemon yogurt, berries and marigold",Healthy Food,veg,"amaranthus granola with lemon yogurt, berries and marigold Healthy Food veg: popped amaranthus (cholai), oats, almonds, cinnamon powder, sunflower seeds, sesame seeds, honey, brown sugar, salt, olive oil, lemon rind, plain yogurt (whipped with lemon rind), blueberries rating: 7 seven"
221,222.0,1,chocolate fudge cookies,Dessert,veg,"chocolate fudge cookies Dessert veg: dark chocolate coverture, butter, sugar, eggs, flour, baking powder, salt, cocoa powder, vanilla essence rating: 1 one"
222,223.0,5,veg summer rolls,Thai,veg,"veg summer rolls Thai veg: rice paper sheets, iceberg lettuce, carrot, bean sprouts, cucumber, tofu, basil, mint leaves, coriander, rice noodles (soaked in warm water for 20-25 minutes), peanuts, hoisin sauce, peanuts, garlic, oil, red chillies, water rating: 5 five"
223,224.0,9,eggless vanilla cake,Dessert,veg,"eggless vanilla cake Dessert veg: maida, baking powder, castor sugar, butter, milk, vanilla essence, vinegar rating: 9 nine"
224,225.0,3,sweet potato pie,Dessert,veg,"sweet potato pie Dessert veg: yams (red skinned), condensed milk, sugar, egg , cinnamon , marshmallows , rating: 3 three"
225,226.0,8,wok tossed asparagus in mild garlic sauce,Healthy Food,veg,"wok tossed asparagus in mild garlic sauce Healthy Food veg: asparagus, 1 fried onion (medium), 1/2 tsp breakfast sugar, 10 ml potato starch, 20 ml stock vegetarian, 20 gm porcini, salt to taste, 50 ml oil rating: 8 eight"
226,227.0,2,cinnamon oatmeal pancakes,Healthy Food,veg,"cinnamon oatmeal pancakes Healthy Food veg: rolled oats, buttermilk (divided), whole wheat flour or oat flour, baking powder, baking soda, cinnamon, salt, eggs, canola oil , honey or maple syrup, rating: 2 two"
227,228.0,4,chocolate chip cheesecake,Dessert,veg,"chocolate chip cheesecake Dessert veg: butter biscuits (broken into pieces), butter (softened), cream cheese (softened), sugar, egg, rose essence or vanilla essence, chocolate chips rating: 4 four"
228,229.0,5,chocolate lava cake,Dessert,veg,"chocolate lava cake Dessert veg: dark chocolate, butter, icing sugar, egg yolks + whole eggs, flour rating: 5 five"
229,230.0,3,eggless coffee cupcakes,Dessert,veg,"eggless coffee cupcakes Dessert veg: maida/ flour, baking powder, sugar, cocoa powder, vanilla essence, butter (softened, salted. in case you are using unsalted butter, add 1/4 tsp salt), milk (to make the batter smooth. adjust the milk quantity according to your batter's smoothness), coffee powder + 1 tsp water, to make a paste (you can increase or decrease according to your coffee tolerance) rating: 3 three"
230,231.0,5,chicken in white wine,Italian,non-veg,"chicken in white wine Italian non-veg: black pepper, plain flour, olive or sunflower oil, rashers lean bacon, onions or shallots (cut in half), mushrooms, butter, boneless and skinless chicken breasts (chopped into 3cm pieces), dry white wine, chicken or vegetable stock, garlic cloves, bay leaves, fresh thyme sprigs (washed or 1/2 tsp dried thyme) rating: 5 five"
231,232.0,8,apple and walnut cake,Dessert,veg,"apple and walnut cake Dessert veg: Apple, Eggs, Walnuts, Sugar, Walnuts, Oil, Flour, Baking Powder, Cinnamon Powder rating: 8 eight"
232,233.0,10,gluten free almond cake,Healthy Food,veg,"gluten free almond cake Healthy Food veg: Almond Powder, Egg, Honey, Baking Soda, Vanilla Essence, Salt, Honey, Almond rating: 10 ten"
233,234.0,2,cinnamon star cookies,Dessert,veg,"cinnamon star cookies Dessert veg: Butter, Castor Sugar, Christmas Mix Spicy, Cinnamon Powder, Honey, Glucose, Cream, Poultry Flour, Baking Soda, Bread Flour rating: 2 two"
234,235.0,7,whole wheat cake,Healthy Food,veg,"whole wheat cake Healthy Food veg: Oven temperature, wheat flour, jaggery sugar, baking powder, oil, eggs, water, almond essence, walnuts rating: 7 seven"
235,236.0,2,plum cake,Dessert,veg,"plum cake Dessert veg: oven temp: 150 c-300 f, butter, sugar, eggs, almonds, vanilla essence, mixed fruits (sultanas, raisins, candied peels and cherries), refined flour, rating: 2 two"
236,237.0,4,double chocolate easter cookies,Dessert,veg,"double chocolate easter cookies Dessert veg: Butter, Brown Sugar, Castor Sugar, Vanilla Essence, Dark Chocolate, Refined Flour, Cocoa Powder, Baking Soda, Salt, Milk, Cadbury Gems rating: 4 four"
237,238.0,6,holi special malai kofta,Indian,veg,"holi special malai kofta Indian veg: potatoes, paneer (cottage cheese), maida, coriander leaves (chopped), onion, ginger-garlic paste, tomatoes, malai or cream, raisins and cashew nuts, cashew nuts paste, haldi, red chilli powder, kitchen king masala, kasuri methi (dry fenugreek), salt, sugar rating: 6 six"
238,239.0,10,homemade gulab jamun,Dessert,veg,"homemade gulab jamun Dessert veg: sugar, water, milk, cardamom seeds, saffron, cardamom powder, khoya, baking soda, maida, milk rating: 10 ten"
239,240.0,3,lamb rogan josh,French,non-veg,"lamb rogan josh French non-veg: lamb chops or stewing lamb, vegetable oil, cassia bark or cinnamon stick, bay leaves, green cardamoms, onions, garlic cloves, butter, turmeric, chilli powder, ground cumin, ground coriander, tomato puree, salt, garam masala, lemon juice rating: 3 three"
240,241.0,9,fish curry,Thai,non-veg,"fish curry Thai non-veg: fresh sole fish, black pepper powder, lemon (juiced), onion, coriander seeds, black pepper, raw rice, garlic cloves, coconut, coriander leaves, ginger (large), cinnamon powder, clove powder, ground nut oil, tamarind paste, cooking oil, salt, rating: 9 nine"
241,242.0,3,rice kheer,Indian,veg,"rice kheer Indian veg: milk, rice (washed), sugar, raisins, green cardamoms, almonds (shredded) rating: 3 three"
242,243.0,3,assorted rice kheer sushi,Japanese,veg,"assorted rice kheer sushi Japanese veg: basmati rice, milk, sugar, pistachio, almonds, green cardamoms(powdered), saffron, rose water, rose petals (dried), dark chocolate rating: 3 three"
243,244.0,3,jalebi with fennel yogurt pudding,Dessert,veg,"jalebi with fennel yogurt pudding Dessert veg: all purpose flour, yogurt, oil, sugar, water, saffron, green cardamom, yogurt (strained), milk (warm), sugar, nutmeg, cardamom powder rating: 3 three"
244,245.0,10,broccoli souffle,Italian,veg,"broccoli souffle Italian veg: broccoli, butter, extra virgin olive oil, all-purpose flour, low fat milk, salt, black pepper, cheddar cheese, eggs (separated), egg whites, cream of tarter rating: 10 ten"
245,246.0,9,christmas dry fruit cake,Dessert,veg,"christmas dry fruit cake Dessert veg: butter (at room temperature), dark brown sugar, eggs, flour, salt, all spice powder, cinnamon, nutmeg, currants; golden raisins; dark raisins (each), soft dried figs, dates (pitted), prunes (stoned dried), apricots (dried), almonds (chopped), brandy, instant espresso (mixed with 1 tbsp water) rating: 9 nine"
246,247.0,5,microwave chicken steak,Healthy Food,non-veg,"microwave chicken steak Healthy Food non-veg: chicken breasts (boneless), eggs (slightly whisked), ginger paste, garlic paste, onions, coriander leaves, green chillies, black pepper powder, flour, vinegar, salt, oil rating: 5 five"
247,248.0,10,cheese and ham roll,Snack,veg,"cheese and ham roll Snack veg: hung curd, butter, cream, ground pimento, lemon juice, vodka, salt and pepper, asparagus spears(cooked), ham, pineapple slices rating: 10 ten"
248,249.0,10,vegetable manchurian,Chinese,veg,"vegetable manchurian Chinese veg: mixed vegetables - chopped fine or grated, eggs (slightly beaten), refined flour, garlic paste, ginger paste, water, oil , garlic , onions , capsicum, cornflour (blended with water), vinegar, salt, soya sauce, tomato puree, celery, ajinomoto (optional), water rating: 10 ten"
249,250.0,2,jerk chicken,Indian,non-veg,"jerk chicken Indian non-veg: chicken legs, lime (halved), jerk seasoning powder (bottled), jerk seasoning paste (bottled), olive oil rating: 2 two"
250,251.0,5,lemon poppy seed cake ,Dessert,veg,"lemon poppy seed cake  Dessert veg: Flour, Baking Powder, Salt, Castor Sugar, Baking Soda, Eggs, Butter, Vanilla Essence, Lemon Juice, Poppy, Lemon Peel, Lemon Syrup, Wiped Cream, Fresh Berry rating: 5 five"
251,252.0,4,steam bunny chicken bao ,Japanese,non-veg,"steam bunny chicken bao  Japanese non-veg: Buns, Flour, Dry Yeast, Sugar, Salt, Hot Water, Chicken Mince, Eggs, Soy Sauce, Sugar, Sesame Oil, Worcestershire Sauce, Chives, Aromat Powder rating: 4 four"
252,253.0,8,double chocolate easter cookies ,Dessert,veg,"double chocolate easter cookies  Dessert veg: Butter, Brown Sugar, Castor Sugar, Vanilla Essence, Dark Chocolate, Refined Flour, Cocoa Powder, Baking Soda, Salt, Milk, Cadbury Gems rating: 8 eight"
253,254.0,2,orange quinoa sevaiyan,Healthy Food,veg,"orange quinoa sevaiyan Healthy Food veg: sevaiyan, quinoa, orange juice , dried figs, sugar, almond milk, desi ghee, jaggery, walnuts, melon seeds, peanuts rating: 2 two"
254,255.0,1,spicy creamy kadai chicken,Indian,non-veg,"spicy creamy kadai chicken Indian non-veg: chicken, ginger-garlic paste, pepper powder, lime juice, oil, salt, tomatoes, green chillies, ginger-garlic paste, chilli powder, black cardamoms, cloves, water, onion, ginger, green chillies, chilli powder, turmeric powder, garam masala, kasturi methi, cream rating: 1 one"
255,256.0,5,apple kheer,Dessert,veg,"apple kheer Dessert veg: apples, basmati rice, nuscovado sugar (you can also use normal sugar), cashew nuts and almonds, cassia bark or cinnamon stick, red grapes rating: 5 five"
256,257.0,5,ragi oats ladoo (laddu),Dessert,veg,"ragi oats ladoo (laddu) Dessert veg: ragi flour, oats flour, dates (ripe), milk, honey, ghee, green cardamom powder, white sesame seeds, coconut powder, cashew nuts rating: 5 five"
257,258.0,10,lamb korma,Indian,non-veg,"lamb korma Indian non-veg: onions, almond paste, ghee, cinnamon sticks, green cardamom, cloves, mace, bay leaves, garlic paste, ginger paste, lamb, salt, rose water (infused with 4-5 strands of saffron), yellow chilli powder, yogurt, yellow chilli powder, black pepper powder, coriander seed powder, cumin powder, red chilli powder, turmeric powder, clove powder, green cardamom powder, rose petal powder, nutmeg powder, black cardamom powder, fennel powder, cinnamon powder, mace powder, onions, cream/malai rating: 10 ten"
258,259.0,2,ragi coconut ladoo (laddu),Dessert,veg,"ragi coconut ladoo (laddu) Dessert veg: finger millet flour (ragi), jaggery, peanuts, coconut, salt rating: 2 two"
259,260.0,7,quick chicken curry,Indian,non-veg,"quick chicken curry Indian non-veg: Chicken, onion paste, tomato, garlic paste, ginger paste, coriander powder, cumin powder, turmeric powder, red chilli powder, garam masala powder, oil, salt, green coriander rating: 7 seven"
260,261.0,8,chicken shaami kebab,Indian,non-veg,"chicken shaami kebab Indian non-veg: Chana Dal, Chicken Thai, Salt, Whole Red Chillies, Cumin, Whole Coriander, Cloves, Pepper Whole, Cinnamon Stick, Celery, Eggs, Green Coriander, Mint, Green Chillies, Ginger, Garlic Buds, Oil rating: 8 eight"
261,262.0,5,chicken masala,Indian,non-veg,"chicken masala Indian non-veg: Chicken, ginger, garlic, onion, tomato, garam masala, bay leaves, salt, turmeric, coriander powder, red chilli powder, oil, green coriander, cream rating: 5 five"
262,263.0,1,holi special bhang pakode,Indian,veg,"holi special bhang pakode Indian veg: besan, potato, fresh bhang leaves, spinach, bhang seed powder, ajwain, fresh green chilly , salt, tamarind paste, red chilly powder, mustard seeds, whole red chilli, soda rating: 1 one"
263,264.0,6,kuttu atta pizza,Italian,veg,"kuttu atta pizza Italian veg: kuttu atta, salt, sugar, yeast, mozzarella cheese fresh, tomato, basil, cottage cheese, green chillies, olive oil, salt, black pepper (crushed), oregano rating: 6 six"
264,265.0,4,arbi kofta with mint yogurt dip,Snack,veg,"arbi kofta with mint yogurt dip Snack veg: arbi/colocasia roots, water chestnut flour (kuttu ka aata), green chili, ginger, carom seeds, rock salt, oil, mint, curd, cucumber, pomegranate rating: 4 four"
265,266.0,10,puffed rice squares,Snack,veg,"puffed rice squares Snack veg: puffed rice, nuts, honey, jaggery, butter, kewda to flavor, cardamom powder rating: 10 ten"
266,267.0,5,red velvet banana pudding,Dessert,veg,"red velvet banana pudding Dessert veg: one can of sweetened condensed milk, ice cold water, instant vanilla pudding mix, cream cheese (softened and cut into 8 pieces), heavy cream, one 9 x 13 inch layer of red velvet cakcake, ripe bananas, mini chocolate chips, sugar, cocoa, cake flour, baking soda, salt, butter (room temp cut into 1 inch pieces), eggs, milk, sour cream, cider vinegar, vanilla extract, red food coloring, all-purpose flour, milk, unsalted butter (room temperature), sugar, vanilla extract rating: 5 five"
267,268.0,3,baked wild berry cheesecake,Dessert,veg,"baked wild berry cheesecake Dessert veg: butter, digestive biscuits, berries, cream cheese, castor sugar, vanilla extract, egg (lightly beaten), icing sugar rating: 3 three"
268,269.0,3,spiced orange valencia cake,Dessert,veg,"spiced orange valencia cake Dessert veg: egg whites, egg white powder, sugar, almond powder, hazelnut powder, sugar, hazelnut (toasted) rating: 3 three"
269,270.0,3,jalapeno cheese fingers,Mexican,veg,"jalapeno cheese fingers Mexican veg: yellow cornmeal, sugar, baking soda, salt, buttermilk (well-shaken), egg, cheddar (extra sharp), scallion (white and pale green parts only), pickled jalapenos (drained), unsalted butter, rating: 3 three"
270,271.0,1,californian breakfast benedict,Snack,veg,"californian breakfast benedict Snack veg: brioche loaf, avocado paste, eggs, tomato, spinach, nutmeg powder, phyllo pastry sheet, assorted seasonal fruits, hollandaise sauce rating: 1 one"
271,272.0,1,chocolate marquise,Dessert,veg,"chocolate marquise Dessert veg: dark chocolate (melted), castor sugar, egg yolk, egg, cocoa powder, coffee, cream, berries, dark chocolate, fresh cream rating: 1 one"
272,273.0,10,corn & jalapeno poppers,Mexican,veg,"corn & jalapeno poppers Mexican veg: fresh corn kernels, corn flour, whole egg, cheddar cheese, jalapeno poppers, smoked paprika, coriander (toasted & ground), green onions, fresh cilantro, lemon (zest and juice), cooking oil rating: 10 ten"
273,274.0,2,banana phirni tartlets with fresh strawberries,Snack,veg,"banana phirni tartlets with fresh strawberries Snack veg: basmati rice (soaked in water), milk, cardamom powder, milk, saffron, sugar, banana, fresh strawberries, plain flour, butter (chilled), castor sugar, egg yolk, chilled water rating: 2 two"
274,275.0,4,mexican pizza,Mexican,veg,"mexican pizza Mexican veg: Dough tortia, refried beans, bell paper, spring onion, lettuce, mozzarella cheese, orange cheddar cheese, chitpole dressing, for pico de chelo, tomato, onion, lemon juice, salt, green chilli, coriander, black beans (boiled ), Tomato, onion, vine paper, vegetable oil rating: 4 four"
275,276.0,10,apple and pear cake,Healthy Food,veg,"apple and pear cake Healthy Food veg: Core, Chopped and Sliced ??Apple, Core, Chopped and Sliced ??Pears, Castor Sugar, Vanilla Essence, Sunflower Oil, Eggs, Flour, Milk, Baking Powder, Milk, Cinnamon Stick, Egg yolks, Castor Sugar rating: 10 ten"
276,277.0,7,microwave chocolate cake,Dessert,veg,"microwave chocolate cake Dessert veg: Flour, castor or powdered sugar, oil, butter or margarine, cocoa powder, water, vanilla essence, baking soda, baking powder, salt, egg rating: 7 seven"
277,278.0,8,white chocolate and lemon pastry,Dessert,veg,"white chocolate and lemon pastry Dessert veg: White chocolate, fresh cream, VIP cream, vanilla bean, vanilla extract, cream cheese, gelatin, lemon, egg yolks, butter, castor sugar rating: 8 eight"
278,279.0,9,mixed beans salad,Healthy Food,veg,"mixed beans salad Healthy Food veg: mixed boiled beans (choose from rajma, chawli, chick peas, hara chana), spring onions, tomatoes (diced), oil, lemon juice, basil, garlic, salt and pepper, for garnish:, coriander rating: 9 nine"
279,280.0,5,baked raw banana samosa,Snack,veg,"baked raw banana samosa Snack veg: onion, ginger, curry powder, fresh coriander, green chilli, raw banana paste, refined oil, mustard seeds, phyllo sheets, salt rating: 5 five"
280,281.0,1,coconut mango oatmeal with cinnamon hint,Healthy Food,veg,"coconut mango oatmeal with cinnamon hint Healthy Food veg: coconut (tender), coconut milk, oats, ripe mango (diced), castor sugar, dry fruits, honey, cardamom powder rating: 1 one"
281,282.0,10,fruit cube salad,Healthy Food,veg,"fruit cube salad Healthy Food veg: watermelon, cantaloupe, kiwifruiit, pineapple, marshmallow, mint leaf (crushed nuts, sesame seeds or cinnamon) rating: 10 ten"
282,283.0,3,veg hakka noodles,Chinese,veg,"veg hakka noodles Chinese veg: noodles, salt, oil, garlic paste, ginger paste, beans, cabbage, carrot, spring onion, capsicum, soy sauce, green chilli sauce, tomato sauce rating: 3 three"
283,284.0,4,strawberry quinoa pancakes,Healthy Food,veg,"strawberry quinoa pancakes Healthy Food veg: quinoa, milk, olive oil, egg (slightly beaten), baking powder, orange essence, castor sugar, maple syrup, strawberries (to garnish) rating: 4 four"
284,285.0,9,spinach & banana pancakes,Healthy Food,veg,"spinach & banana pancakes Healthy Food veg: Rolled Oats, Milk, Spinach, Banana, Egg, Cinnamon Powder, Vanilla Extract, Baking Powder rating: 9 nine"
285,286.0,6,french onion grilled cheese,French,veg,"french onion grilled cheese French veg: Brown slice bread, onion, oil, emmental cheese rating: 6 six"
286,287.0,3,pasta in cheese sauce,Italian,veg,"pasta in cheese sauce Italian veg: Milk, Flour, Butter, Pepper Powder, Nutmeg, Cheese, Pasta (of your choice) rating: 3 three"
287,288.0,3,deviled scotch egg,French,non-veg,"deviled scotch egg French non-veg: Lamb Keema, Rosemary, Thyme, Eggs (hard boiled peel), Flour, Eggs (Lightly Whipped), Panco, Peanut Oil, Salt, Pepper, Mayonnaise, Apple Cedar Vinegar, English Mustard, Salt, Pepper, Paprika and Olive Powder rating: 3 three"
288,289.0,9,amritsari fish,Indian,non-veg,"amritsari fish Indian non-veg: fish with curry, ginger and garlic rating: 9 nine"
289,290.0,7,butter chicken,Indian,non-veg,butter chicken Indian non-veg: mughalai delecacy rating: 7 seven
290,291.0,1,chicken razala,Indian,non-veg,chicken razala Indian non-veg: chicken cooked in a rich gravy with mint rating: 1 one
291,292.0,8,chicken tikka,Indian,non-veg,chicken tikka Indian non-veg:  served on a skewer rating: 8 eight
292,293.0,5,chicken tikka masala,Indian,non-veg,chicken tikka masala Indian non-veg: chicken roasted in a yogurt tomato sauce. creamy texture. rating: 5 five
293,294.0,4,mushroom matar,Indian,veg,mushroom matar Indian veg: mushroom and peas in a masala/chili sauce rating: 4 four
294,295.0,10,tandoori chicken,Indian,non-veg,tandoori chicken Indian non-veg: as a dish originated in the punjab before the independence of india and pakistan. rating: 10 ten
295,296.0,10,tandoori fish tikka,Indian,non-veg,tandoori fish tikka Indian non-veg: chickenn lime and ginger and cooked over an open fire. rating: 10 ten
296,297.0,5,chettinadu chicken,Indian,non-veg,chettinadu chicken Indian non-veg: chicken and spices rating: 5 five
297,298.0,4,chicken 65,Chinese,non-veg,"chicken 65 Chinese non-veg: ed chicken preparation. chicken, onion, ginger rating: 4 four"
298,299.0,1,kolim / jawla,Indian,veg,kolim / jawla Indian veg: dried fish named kolim or jawla found in coastal maharashtra with onion and spices. usually eaten with bhakri or chapati rating: 1 one
299,300.0,9,black rice,Healthy Food,veg,black rice Healthy Food veg: riety of rice rating: 9 nine
300,301.0,1,brown rice,Healthy Food,veg,brown rice Healthy Food veg: riety of rice. rating: 1 one
301,302.0,5,koldil chicken,Chinese,non-veg,koldil chicken Chinese non-veg: made with banana flower; an assamese specialty rating: 5 five
302,303.0,6,red rice,Healthy Food,veg,red rice Healthy Food veg: riety of rice. rating: 6 six
303,304.0,1,rice,Indian,veg,rice Indian veg: boiled rice rating: 1 one
304,305.0,9,sunga pork,Japanese,veg,sunga pork Japanese veg: curry rating: 9 nine
305,306.0,8,banana chips,Snack,veg,"banana chips Snack veg: dried slices of bananas (fruits of herbaceous plants of the genus musa of the soft, sweet ""dessert banana"" variety), they can be covered with sugar or honey and have a sweet taste, or they can be fried in oil and spices and have a salty and/or spicy taste.[2] rating: 8 eight"
306,307.0,1,bhurji- egg,Indian,non-veg,"bhurji- egg Indian non-veg: made using indian spices, onion, tomatoes, green chilli, and had with bread, or parathas. rating: 1 one"
307,308.0,3,flattened rice / poha,Indian,veg,"flattened rice / poha Indian veg: dehusked rice which is flattened into flat light dry flakes, these flakes of rice swell when added to liquid, whether hot or cold, as they absorb water, milk, or any other liquids. the thicknesses of these flakes vary between almost translucently thin (the more expensive varieties) to nearly four times thicker than a normal rice grain. rating: 3 three"
308,309.0,5,puffed rice,Snack,veg,"puffed rice Snack veg: grain made from rice; usually made by heating rice kernels under high pressure in the presence of steam, though the method of manufacture varies widely. pori (puffed rice) has been mentioned in various tamil literatures as an offering to hindu deities. offerings of pori and jaggery made to vinayagar (lord ganesh) are mentioned in the tiruppugazh, a 15th-century anthology of tamil religious songs, written by tamil poet arunagirinathar. pori is offered to hindu gods and goddesses in all poojas in the south indian states of kerala and tamil nadu. rating: 5 five"
